{
 "AZ1": {
  "total_alloc_i": 0, 
  "max_host_on_i": 1, 
  "total_energy_f": 0, 
  "overbooking_i": 0, 
  "sla_violations_i": 0, 
  "elapsed_time_i": 0, 
  "energy_l": [
   147.1, 
   153.2, 
   147.1, 
   0, 
   153.2, 
   157.08, 
   153.2, 
   139.91, 
   0, 
   147.1, 
   153.2, 
   147.1, 
   0, 
   147.1, 
   153.2, 
   147.1, 
   0, 
   139.91, 
   0, 
   139.91, 
   0
  ], 
  "energy_avg_l": [], 
  "energy_hour_l": [
   147.1, 
   153.2, 
   147.1, 
   0, 
   153.2, 
   157.08, 
   153.2, 
   139.91, 
   0, 
   147.1, 
   153.2, 
   147.1, 
   0, 
   147.1, 
   153.2, 
   147.1, 
   0, 
   139.91, 
   0, 
   139.91, 
   0
  ], 
  "sla_break_l": [], 
  "req_size": [
   1, 
   1, 
   1, 
   1, 
   1, 
   1, 
   1, 
   1, 
   1, 
   1
  ], 
  "total_alloc_l": [], 
  "dc_load_l": []
 }, 
 "AZ2": {
  "total_alloc_i": 0, 
  "max_host_on_i": 1, 
  "total_energy_f": 0, 
  "overbooking_i": 0, 
  "sla_violations_i": 0, 
  "elapsed_time_i": 0, 
  "energy_l": [
   139.91, 
   0, 
   139.91, 
   147.1, 
   153.2, 
   157.08, 
   161.58, 
   166.61, 
   168.99, 
   168.99, 
   166.61, 
   161.58, 
   157.08, 
   153.2, 
   147.1, 
   172.52, 
   157.08, 
   161.58, 
   166.61, 
   161.58, 
   157.08, 
   153.2
  ], 
  "energy_avg_l": [], 
  "energy_hour_l": [
   139.91, 
   0, 
   139.91, 
   147.1, 
   153.2, 
   157.08, 
   161.58, 
   166.61, 
   168.99, 
   168.99, 
   166.61, 
   161.58, 
   157.08, 
   153.2, 
   147.1, 
   172.52, 
   157.08, 
   161.58, 
   166.61, 
   161.58, 
   157.08, 
   153.2
  ], 
  "sla_break_l": [], 
  "req_size": [
   1, 
   1, 
   1, 
   1, 
   1, 
   1, 
   1, 
   1, 
   1, 
   1, 
   1
  ], 
  "total_alloc_l": [], 
  "dc_load_l": []
 }, 
 "AZ3": {
  "total_alloc_i": 0, 
  "max_host_on_i": 1, 
  "total_energy_f": 0, 
  "overbooking_i": 0, 
  "sla_violations_i": 0, 
  "elapsed_time_i": 0, 
  "energy_l": [
   139.91, 
   0, 
   139.91, 
   147.1, 
   139.91, 
   0, 
   139.91, 
   0, 
   139.91, 
   0
  ], 
  "energy_avg_l": [], 
  "energy_hour_l": [
   139.91, 
   0, 
   139.91, 
   147.1, 
   139.91, 
   0, 
   139.91, 
   0, 
   139.91, 
   0
  ], 
  "sla_break_l": [], 
  "req_size": [
   1, 
   1, 
   1, 
   1, 
   1
  ], 
  "total_alloc_l": [], 
  "dc_load_l": []
 }, 
 "AZ4": {
  "total_alloc_i": 0, 
  "max_host_on_i": 17, 
  "total_energy_f": 0, 
  "overbooking_i": 0, 
  "sla_violations_i": 0, 
  "elapsed_time_i": 0, 
  "energy_l": [
   157.08, 
   314.16, 
   471.24, 
   628.32, 
   785.4000000000001, 
   942.4800000000001, 
   1099.5600000000002, 
   1256.64, 
   1413.72, 
   1418.22, 
   1413.72, 
   1570.8, 
   1413.72, 
   1570.8, 
   1413.72, 
   1570.8, 
   1727.8799999999999, 
   1884.9599999999998, 
   2042.0399999999997, 
   2199.12, 
   2356.2, 
   2513.2799999999997, 
   2670.3599999999997, 
   2513.2799999999997, 
   2356.2, 
   2199.12, 
   2042.0399999999997, 
   1884.9599999999998, 
   1727.8799999999999, 
   1570.8, 
   1413.72, 
   1256.64, 
   1099.5600000000002, 
   942.4800000000001, 
   785.4000000000001, 
   628.32, 
   471.24, 
   314.16, 
   157.08, 
   0
  ], 
  "energy_avg_l": [], 
  "energy_hour_l": [
   157.08, 
   314.16, 
   471.24, 
   628.32, 
   785.4000000000001, 
   942.4800000000001, 
   1099.5600000000002, 
   1256.64, 
   1413.72, 
   1418.22, 
   1413.72, 
   1570.8, 
   1413.72, 
   1570.8, 
   1413.72, 
   1570.8, 
   1727.8799999999999, 
   1884.9599999999998, 
   2042.0399999999997, 
   2199.12, 
   2356.2, 
   2513.2799999999997, 
   2670.3599999999997, 
   2513.2799999999997, 
   2356.2, 
   2199.12, 
   2042.0399999999997, 
   1884.9599999999998, 
   1727.8799999999999, 
   1570.8, 
   1413.72, 
   1256.64, 
   1099.5600000000002, 
   942.4800000000001, 
   785.4000000000001, 
   628.32, 
   471.24, 
   314.16, 
   157.08, 
   0
  ], 
  "sla_break_l": [], 
  "req_size": [
   1, 
   1, 
   1, 
   1, 
   1, 
   1, 
   1, 
   1, 
   1, 
   1, 
   1, 
   1, 
   1, 
   1, 
   1, 
   1, 
   1, 
   1, 
   1, 
   1
  ], 
  "total_alloc_l": [], 
  "dc_load_l": []
 }, 
 "AZ5": {
  "total_alloc_i": 0, 
  "max_host_on_i": 1, 
  "total_energy_f": 0, 
  "overbooking_i": 0, 
  "sla_violations_i": 0, 
  "elapsed_time_i": 0, 
  "energy_l": [
   157.08, 
   0, 
   147.1, 
   0, 
   147.1, 
   0, 
   147.1, 
   0, 
   147.1, 
   0, 
   157.08, 
   0, 
   147.1, 
   0, 
   147.1, 
   0
  ], 
  "energy_avg_l": [], 
  "energy_hour_l": [
   157.08, 
   0, 
   147.1, 
   0, 
   147.1, 
   0, 
   147.1, 
   0, 
   147.1, 
   0, 
   157.08, 
   0, 
   147.1, 
   0, 
   147.1, 
   0
  ], 
  "sla_break_l": [], 
  "req_size": [
   1, 
   1, 
   1, 
   1, 
   1, 
   1, 
   1, 
   1
  ], 
  "total_alloc_l": [], 
  "dc_load_l": []
 }, 
 "AZ6": {
  "total_alloc_i": 0, 
  "max_host_on_i": 1, 
  "total_energy_f": 0, 
  "overbooking_i": 0, 
  "sla_violations_i": 0, 
  "elapsed_time_i": 0, 
  "energy_l": [
   166.61, 
   157.08, 
   172.52, 
   157.08, 
   166.61, 
   157.08, 
   178.66, 
   172.52, 
   157.08, 
   166.61, 
   157.08, 
   0, 
   147.1, 
   0, 
   147.1, 
   0
  ], 
  "energy_avg_l": [], 
  "energy_hour_l": [
   166.61, 
   157.08, 
   172.52, 
   157.08, 
   166.61, 
   157.08, 
   178.66, 
   172.52, 
   157.08, 
   166.61, 
   157.08, 
   0, 
   147.1, 
   0, 
   147.1, 
   0
  ], 
  "sla_break_l": [], 
  "req_size": [
   1, 
   1, 
   1, 
   1, 
   1, 
   1, 
   1
  ], 
  "total_alloc_l": [], 
  "dc_load_l": []
 }, 
 "global": {
  "total_alloc_i": 0, 
  "max_host_on_i": 0, 
  "total_energy_f": 0, 
  "overbooking_i": 0.3, 
  "sla_violations_i": 0.1, 
  "elapsed_time_i": 11.157161951065063, 
  "energy_l": [], 
  "energy_avg_l": [], 
  "energy_hour_l": [], 
  "sla_break_l": [], 
  "req_size": [], 
  "total_alloc_l": [], 
  "dc_load_l": []
 }
}